Node,Rank
A,0.325179240717265
B,0.1978229909105502
C,0.22652723167122493
D,0.20318358217712884
E,0.047286954523830985
